cell_type,positive,negative,source
multipotent progenitor,Kit;Cd34;Flt3;Procr;Hlf;Mecom;Meis1;Cd27,,"Mouse haematopoietic markers curated by the analyst from general knowledge (CellGuide returns human symbols and no erythroid entries, so it was not used); not taken from the dataset's authors"
erythroid cell,Gata1;Klf1;Epor;Hba-a2;Hbb-b1;Car2;Gypa;Alas2;Blvrb,,"Mouse haematopoietic markers curated by the analyst from general knowledge (CellGuide returns human symbols and no erythroid entries, so it was not used); not taken from the dataset's authors"
megakaryocyte progenitor,Pf4;Itga2b;Gp9;Vwf;Mpl;Plek,,"Mouse haematopoietic markers curated by the analyst from general knowledge (CellGuide returns human symbols and no erythroid entries, so it was not used); not taken from the dataset's authors"
granulocyte-monocyte progenitor,Elane;Mpo;Prtn3;Ctsg;Ms4a3;Cebpe;Ap3s1,,"Mouse haematopoietic markers curated by the analyst from general knowledge (CellGuide returns human symbols and no erythroid entries, so it was not used); not taken from the dataset's authors"
neutrophil,S100a8;S100a9;Camp;Ltf;Ngp;Lcn2;Mmp8,,"Mouse haematopoietic markers curated by the analyst from general knowledge (CellGuide returns human symbols and no erythroid entries, so it was not used); not taken from the dataset's authors"
monocyte,Csf1r;Irf8;Ly6c2;Ccr2;Cx3cr1;Fcgr1;Mafb,,"Mouse haematopoietic markers curated by the analyst from general knowledge (CellGuide returns human symbols and no erythroid entries, so it was not used); not taken from the dataset's authors"
dendritic cell,Siglech;Zbtb46;H2-Ab1;Cd74;Itgax;Flt3;Ccr9,,"Mouse haematopoietic markers curated by the analyst from general knowledge (CellGuide returns human symbols and no erythroid entries, so it was not used); not taken from the dataset's authors"
eosinophil,Prg2;Epx;Ear1;Ear2;Ccr3;Il5ra,,"Mouse haematopoietic markers curated by the analyst from general knowledge (CellGuide returns human symbols and no erythroid entries, so it was not used); not taken from the dataset's authors"
basophil or mast cell,Mcpt8;Cpa3;Ms4a2;Fcer1a;Hdc;Prss34,,"Mouse haematopoietic markers curated by the analyst from general knowledge (CellGuide returns human symbols and no erythroid entries, so it was not used); not taken from the dataset's authors"
